ID,set,Sentiment,Tweet
5244,train,net,Aku sedang sibuk memantau sukarelawan belia bertugas di Pusat Vaksin Kuala Terengganu. Sekarang tengah vaksin Fasaâ€¦ https://t.co/J9aagUcnlf
3579,train,net,@sahaL_AS Sy dgr tausyiah Kiai Taufik Damas Bhwa Suntik Vaksin tidak membatalkan puasa ðŸ˜Š..Alhamdulilah saya blmâ€¦ https://t.co/ML8N4BtJyz
4530,train,net,*Info: Konser VAX LIVE oleh Global Citizen merupakan konser amal untuk membuat orang di seluruh dunia menyadari menâ€¦ https://t.co/VUP4XukB1m
5814,train,net,Beredar sebuah narasi dengan klaim vaksin corona bisa menyebabkan disfungsi ereksi atau impotensi. #kumparanNews https://t.co/yt6CVE7372
5122,train,net,Ahli Sebut Vaksin Nusantara Dilanjutkan dengan Publikasi Penelitian https://t.co/UYanrC6kTk via @harianbatampos #VaksinNusantara #vaccine
5350,train,neg,Ambil vaksin haram? Apa yang haram masuk neraka eh ingat tu â˜_x009d_ðŸ_x008f_¼
4617,train,net,#ICYMI #BuletinBernama: Lebih 80 peratus penduduk Sibu daftar vaksin COVID-19https://t.co/i56daZLD9h
3263,train,net,@PRFMnews @hartop_bewok Selamat pagi. Pelaksanaam vaksin di tempat tersebut adalah kerja sama BUMN dan Dinkes Proviâ€¦ https://t.co/bT0vzo7S5X
2556,train,net,@madunyapooh @andy_mahardika @kostumkomik Bahan baku vaksin SinovSinovac baru aja datang lagi gan
5303,train,pos,"Alhamdulillah lansia diedukasi pada paham &amp; ngerti, mereka paham kalo kena yah insyallah jd bapil biasa bagi org ygâ€¦ https://t.co/bDUWff5k3L"
3892,train,pos,"@sudjiwotedjo Setuju Pak. Sehat bukan soal vaksin. Sehat itu tentang KESELARASAN RAGA, JIWA, AKAL, DAN PASTINYA BUDâ€¦ https://t.co/uo7N4550XZ"
4746,train,net,14.30Polri Sat Lantas Polres Metro Bekasi melaksanakan Pengamanan Rute Lintasan pendistribusian Vaksin Covid - 19â€¦ https://t.co/FOOpY5dJaa
7593,train,net,Ini vaksin pekerja seni pada dapet darimana sih? Syaratnya apa?
6499,train,net,Di Surabaya yang ada Vaksin Nusantara dimana ya?
6064,train,net,bripka m chandra bhabinkamtibmaspolsek bacip melaksanakan giat monitoring giat vaksin di puskesmas kelurahan sukahâ€¦ https://t.co/qwcne3EWyV
36,train,net,[cm] kalo kuliah offline bakal wajib vaksin ga ya? yg masi 17 tahun begindang gua baru 18 pas smt 4 plssðŸ¥²ðŸ¥²
2069,train,neg,"@jokowi Maaf pak di vaksin tdk di vaksin tetap ga bisa Mudik..dengn di larang nya Mudik tgl 6-17 mei, apakah coronaâ€¦ https://t.co/3pAjrJfwd4"
3302,train,neg,@PutraWadapi Masihkah keukeuh habis divaksin covid itu sakti mandraguna...???trus apa guna vaksin..??
346,train,neg,@akb48fansid1 @_andirisu @TirtoID vaksin sinovac sm astrazeneca malah hampir 100 persen bahan baku import lah kog anda ga kesel ?
2167,train,neg,"@karniilyasclub @karniilyas Bingung, artinya tidak bisa dipercaya vaksin yang beredar sekarang."
5401,train,neg,"Anjirr giliran vaksin bawa2 nasionalisme, pas ngobrolin impor beras, garem dll, malah jd bancakan..#negerizimbabwe"
7052,train,net,Giat Pengawalan Vaksin Covid-19 Dari Dinkes Provinsi Sumatera Selatan ke Dinkes Kota Pagaralam Oleh Personil Polresâ€¦ https://t.co/RrzfKkufuL
637,train,neg,"@BBCIndonesia Saya cuma sedih bila lansia tersebut di vaksin,karena mereka bisa mengalami nyeri otot, tidak bisa tiâ€¦ https://t.co/mw7kTM4Zgz"
1069,train,neg,@detikcom Kok bisa yaaa?? Untung belum vaksin.. Btw syafakillahu ibuu
137,train,neg,@501Awani Bodoh. SOP bodoh. Menteri bodoh. Vaksin bodoh. Kemain lagi ikut telunjuk WHO tapi tak hilang2 penyakit boâ€¦ https://t.co/YCW8KAVIlE
7522,train,pos,"Ingat pesan wapres @Kiyai_MarufAmin bahwa kita selalu harus patuh prokes, jangan pernah lelah. Bagi yg sudah dapatâ€¦ https://t.co/OxYhDGBH7Y"
5989,train,pos,"Bismillah - Alhamdulillah Sehat, Vaksin Ke-2....#sinovac #biofarma #vaksÃ¬ncovid19 @ Gedung Pemprov Jatim https://t.co/k7723sO3nx"
5635,train,net,Bahkan dukungan dari DPR terlihat sangat memaksa karena sebenarnya perizinan peredaran vaksin belum mendapatkan kuaâ€¦ https://t.co/wWsbT6qG5h
5042,train,neg,"Ada gunanya juga gak swab, jadwal vaksin tiba2 turun.Ada gunanya juga blom vaksin,Ntar aja telernya..ðŸ˜…ðŸ˜…"
528,train,net,@arusbaik_id ketersediaan vaksin menjadi sangat vital dalam menjaga program vaksinasi agar tetap bisa berjalan
1350,train,net,@ernestprakasa Guru juga harus menjadi garda terdepan dalam penanggulangan covid...maaf .. banyak juga guru yg enggâ€¦ https://t.co/xD19TDTNZd
7327,train,neg,"hm guru2 ternyata jadi rada lemes ya karna vaksin, guruku luemes pol"
2618,train,net,"@marulitas @aan__ ayahku boleh padahal usia 60+ dan ada diabetes. Syaratnya sih katanya asal gulanya terkontrol, alâ€¦ https://t.co/nz93RVCeoL"
4910,train,net,6 Juta Vaksin Sinovac Kembali Tiba di Indonesia https://t.co/fEoHokc1r7
7729,train,net,Janji RSPAD Kembangkan Vaksin Nusantara Sesuai Aturanhttps://t.co/7StVlr8up4
5060,train,neg,"Ada vaksin gotong royong, merah putih, nusantara... Pada kreatif bener bikin proyek kopit. Lagi lagi rakyat cuma mlâ€¦ https://t.co/uhanesNGQQ"
5594,train,neg,"Baca dulu aja, antara Tontonan Kebodohan, Kebohongan dan Rasa Nasionalis  https://t.co/vemBuZexA9"
5642,train,net,"Bahwa program vaksin Nusantara bukanlah program dari TNI, kata Kapuspen TNI, Mayjen TNI Achmad Riad. https://t.co/kJefWSSzmW"
6370,train,neg,"Dana stimulus vaksin di iri, tapi minta divaksin paling depan.Sini drunðŸ‘‰ https://t.co/muPNNwrLa3 pekokmu akan terâ€¦ https://t.co/ZfNlC2CvO5"
5601,train,net,Badan Pengawasan Obat dan Makanan (BPOM) mengungkap sejumlah kejadian tidak diinginkan (KTD) dalam uji fase I mencaâ€¦ https://t.co/ZtHOvNCo6O
7029,train,net,"Gambaran umumnya, hasil penelitian di Chili atas pemberian vaksin Sinovac mampu menurunkan CFR dari 2% jadi 0,067%."
6892,train,net,Enam Juta Dosis Vaksin Curah Sinovac Tiba di Indonesiahttps://t.co/jtQEuvxAOS#FUFU4D #SitusSlotOnlineâ€¦ https://t.co/JH62mRexF6
280,train,pos,"@agungN207 Katakan sama jendral dokter terawan, jika uji klinis vaksin nusantara butuh relawan, sya dan keluarga siâ€¦ https://t.co/5xGFhgJmNl"
377,train,neg,@alisyarief Saudi tolak kn krn sinovac blm bersertifikasi who..lah mangnya vaksin ini sdh? Kan blm jga..bahkan msihâ€¦ https://t.co/qxEekXJCll
6880,train,net,Enam Juta Dosis Bahan Baku Vaksin Covid-19 Tiba di IndonesiaEnam juta dosis bahan baku vaksin CoronaVac dari Sinoâ€¦ https://t.co/X0uQUiwljv
2444,train,neg,"@kumparan @ridwankamil Membingungkan,sudah di vaksin tapi tetap positif"
4809,train,net,"3. Dukungan tersebut berupa peningkatan akses terhadap vaksin, pendampingan dalam mengelola beban pembiayaan, dan pâ€¦ https://t.co/DFbLn0n2i4"
2015,train,net,@jokowi @jokowi hormat pakSekedar minta infonyaSy SDH di vaksin 2 kali apakah kalau sy keluar kota harus rapid lagi?
1193,train,pos,@domanggalkai Semoga Juni kita udah dapat jatah vaksin ðŸ˜‚
4409,train,net,@xxalc16 @ZOO_FESS Sebenernya bisa kok kak steril dulu tanpa vaksin. Cuma recovery kucing nya melambat. Kebetulan dâ€¦ https://t.co/uKX3Fvuzta
7761,train,net,"Jika Anda ingin membuat kami mundur satu dekade, maka Anda melakukan apa yang CIA lakukan, katanya.""Karena ituâ€¦ https://t.co/DVxD743pfx"
4562,train,net,"#BeritaTerkiniTahap ke-8, 6 Juta Dosis Bahan Baku Vaksin COVID-19 Tiba di Tanah AirSelengkapnya: https://t.co/os7TeXXNJV"
2583,train,net,"@Malik_Kurn @drpriono1 @AIVITABio Lah.. vaksin sinovac penelitiannya di indonesia, itu penelitinya dr.terawan &amp; drâ€¦ https://t.co/ZnJLWJS4Z5"
1552,train,net,"@FPKSDPRRI @MardaniAliSera Tingkat keamanan vaksin, apapun jenis vaksinnya hrs sesuai uji klinis @ laboratorium staâ€¦ https://t.co/zHb1uaPNpU"
6168,train,net,Cek Fakta: Tidak Terbukti WHO dan Pemerintah Arab Saudi Tak Akui Vaksin Sinovac https://t.co/shc8dNGHdp
6518,train,neg,"Diam ah babi ko dari dulu buat survey, vaksin sampai ke sudah rakyat marhaen tak dapat. https://t.co/fCw4vpHN0a"
1891,train,pos,@insgii Waaaahhh udah vaksin. Sehat2 ya Ikeee
5312,train,pos,Alhamdulillah sudah d vaksin 1. Terima kasih pakpresiden n bumn atas vaksinx. Semoga pandemi ini cpt berlalu.amiin. https://t.co/MLNw6wR1Qb
3300,train,neg,@PutraWadapi Maka dari itu kami menolak untuk di vaksin.
4370,train,pos,"@WiedWidya Aq nunggu giliran kak, semoga yang vaksin di bulan puasa lancar yah"
2081,train,pos,"@jokowi Pak kita kapan ya masy umum... Kita juga mau mintak di vaksin, bayar juha engak apa2 supaya kita engak nungâ€¦ https://t.co/NGX4vOeljd"
3384,train,neg,"@Ratmangondhez1 @msaid_didu Otak lo di dengkul ya, soal pancasila kok vaksin"
270,train,neg,@afrkml Yaudah sih @detikcom kontra dipakein vaksin keknya ners ðŸ™‚
1044,train,neg,@detikcom Guru2 udah pd vaksin kan? Kok katanya bs mengurangi kritis klo terpapar? @nursihrodiah ðŸ˜­
7542,train,net,"Ini Deretan Tokoh Pendukung Vaksin Nusantara, Ada Aburizal Bakrie hingga Anang-Ashanty https://t.co/b3dIc2ROYn via @tribunnews"
4070,train,net,@timmymalachi Malah negesin kalo mereka emang ambil vaksin jalur mandiri ya
4657,train,net,#oganilir #indralaya Polres Ogan Ilir Dan Nakes Jemput Bola Untuk Vaksin Covid-19 :https://t.co/9l2fxgS99q https://t.co/mp9Sn5flLJ
7276,train,net,"hari senin, tidur 2 jam, vaksin ke 2, saur air putih, tapp"
5102,train,pos,"Agak aneh juga sih kalau ada yang sampai termakan berita hoax vaksin ini ??Ada klaim, kalau vaksin Covid-19 dari Châ€¦ https://t.co/QZ46ZPgdHt"
1538,train,neg,"@floroaison iya kecil kan beneran kan YAALLAH KAYA ANAK KECIL GASI YAS WKWK mau vaksin doang deg deg an :"" iya donoâ€¦ https://t.co/WbGi3cmvOy"
1497,train,net,"@FiersaBesari Jgnkan di vaksin, rebahan aja bisa membatalkan puasa. Kalo sambil minum es teh"
5576,train,net,Babinsa Dampingi Pelaksanaan Vaksin Covid-19 Terhadap Purnawirawan Di wilayah Binaan https://t.co/lVjkk0Q8Z7
7631,train,neg,istrinya akang mil aja masih kena padahal dia udah di vaksin lohh jadi makin ngeri kan sama vaksin itu beneran yg dâ€¦ https://t.co/vDbOV2hu7n
7672,train,net,"Jadi kembali ke penelitian ilmiah, menjadi penelitian ilmiah berbasis pelayanan, gitu, kata Kepala RSPAD Letjen dâ€¦ https://t.co/yZReUkmMFn"
3345,train,net,"@rafidah72 @ini_sains_beb Nak tanya sikit ya Dr. Kalau orang yang terima darah or ada masukkan besi dalam badan, isâ€¦ https://t.co/KmJoPXmDKt"
7429,train,net,"Impor Vaksin Tahap VIII, Bea Cukai Beri Fasilitas https://t.co/fO73TLI9Z6"
6013,train,net,Boleh dapat vaksin ke kalau dapat jawab dengan bethol. https://t.co/JvP4wQXp6l
1338,train,net,@endahtofani @afrkml Ahli kesehatan dan organisasi resmi ttg vaksin ini justru merekomendasikan ibu menyusui utk teâ€¦ https://t.co/0Qmw8LHRhk
5528,train,net,Australia dan Hong Kong akhirnya resmi memutuskan untuk tidak lagi memakai vaksin Astra Zeneka setelah adanya kasusâ€¦ https://t.co/P73YdAsIXm
1184,train,pos,@Dnok_Ayu @BudiGSadikin Kerja keras pemerintah mengamankan stok vaksin layak di apresiasi. @KemenkesRI
5410,train,net,"Antibodi vaksin Moderna bertahan minimal enam bulan di semua kelompok umur, Presiden Jokowi: Jangan sepelekan Covidâ€¦ https://t.co/Pn1TDUQ36k"
2134,train,neg,@JSuryoP1 @BPOM_RI persoalan vaksin kok jd urusan dukung mendukung...sekalian aja di buat pemilu utk vaksin itu.
6863,train,net,"Enam Juta Dosis Bahan Baku Vaksin Covid-19 Kembali Tiba di Tanah AirUntuk diketahui, hingga 17 April 2021 kemarinâ€¦ https://t.co/7N7TPHj9gl"
392,train,net,@amer_aljeffrey Guru di Malaysia total 400k anggaran. 55k dah terima vaksin SINCE FEBRUARY. Memang priority cikguâ€¦ https://t.co/PdObD44Dom
6048,train,neg,BPOM sendiri aja bilang GMP dari pembuatan vaksin ini masih belom terkalibrasi dengan benar kok ya kepala batu bgtâ€¦ https://t.co/Ycx5NNacGq
64,train,net,[Vaksin Covid-19]Halo teman-teman THP!Kalian udah pada tau belum informasi seputar vaksin Covid-19?Kenapa haruâ€¦ https://t.co/fS66ZiYfPy
7480,train,net,Indonesia Kembali Serukan Solidaritas Global Akses Vaksin di PBBSolidaritas global harus diperkuat untuk mendukunâ€¦ https://t.co/AMdpAN9CtQ
7494,train,pos,"Indonesia Siap Divaksin karena Vaksin Aman, Halal dan Efektif Cegah Covid-19 https://t.co/80CbQV6hnZ"
5136,train,pos,Ajib! Aye aje belum divaksin eh abang-abang ojol udah pada vaksin... Tapi aye senang dah sih kalau para pelayan pubâ€¦ https://t.co/v1eV1LjdkF
7936,train,net,Kami dari pemerintah tengah berupaya keras untuk melobi pemerintah Saudi terkait hal ini. Supaya mereka membuka piâ€¦ https://t.co/bWHBiXULaF
4555,train,net,"#bangkok Perdana Menteri Prayuth Chan o-cha berkata, Thailand merancang mendapatkan tambahan 10 juta dos vaksin Covâ€¦ https://t.co/7zcLGBKNJ6"
4085,train,neg,@tirta_hudhi Ok tidak steril lab nya.... berarti tidak steril juga vaksin nya..... pertanyaan saya ..... masf kl meâ€¦ https://t.co/dAwS9xWF9D
1767,train,net,@hobanochio dpt vaksin apa Kak?
5462,train,net,"Apalagi pemerintah prioritaskan  Para lansia menerima Suntikan Vaksin, Dengan kedatangan 6 juta dosis ini stok Vaksâ€¦ https://t.co/K9tfXpGChq"
5384,train,net,Anggota Komisi IX DPR: Polemik Vaksin Nusantara Tak Perlu Terjadi https://t.co/lkCrYsr6xC
5786,train,pos,"Bener deh gaes, vaksin itu banyak banget manfaatnya buat tubuh kita.#VaksinUntukKita #UpayaLawanPandemi"
4451,train,neg,"@yupamint Iyaa kita gak ada pilihan lainn, either that atau vaksin nusantara wkwkw. https://t.co/j8oMLyO65D"
3125,train,neg,@Partono_ADjem Gara gara lu pakjem gua liat bu siti ini dan gua ganti haluan gak mau vaksin ðŸ˜‚
1729,train,pos,"@henrysubiakto Gua lebih oercaya sinovac, vaksin dari China lebih oke."
3019,train,net,@null Apa yang Terjadi pada Dosis Vaksin Covid-19 yang Tak Terpakai? Beberapa negara m  https://t.co/XbPsEhyc7K
6344,train,net,Dalam Satu Bulan Kedepan Kira-Kira Indonesia Akan Terima Kurang Lebih 20 Juta Dosis Vaksin #PulihkanRIDenganVaksin https://t.co/YMXn35WClZ
7446,train,net,"India, negara yg pernah melakukan segala cara utk mencegah penyebaran covid, lockdown, keras menegakkan prokes, proâ€¦ https://t.co/oTymY3XhVq"
6764,train,neg,"Efek vaksin apa gimana ya, jadi ngantuk terus. Ini gua di vaksin covid apa vaksin virus males yaðŸ¤¦â€_x008d_â™€ï¸_x008f_"
7072,train,neg,"Gimana yak, mau nolak tapi salah satu syarat sekolah tatap muka guru harus di vaksin hem https://t.co/yqrDNOPkeG"
5939,train,pos,"Bikin headline aturan yang bagus -_- kasian buat orang yang belum paham, padahal vaksin itu penting bgt, kalo yg maâ€¦ https://t.co/Mrc7t9VjaN"
2864,train,neg,"@na_dirs Eh tp bener gak ya gus vaksin sinovac bikin impoten? Saya kemaren baca baca di ig, ada yg mendadak impoten sehabis vaksin"
4832,train,net,"4. Untuk diketahui, hingga 17 April 2021, pemerintah telah melakukan sebanyak 16,6 juta suntikan dosis vaksin kepadâ€¦ https://t.co/detWzsyPfd"
7717,train,neg,"Jangan mudah percaya sama vaksin covid, kita ga akan pernah tau apa yg masuk kedalam tubuh kita dan apa dampak nyaâ€¦ https://t.co/H6YPC6INh8"
4011,train,pos,@TeddyGusnaidi Saya mau ikutan nih disuntik vaksin Nusantara ðŸ‡®ðŸ‡©ðŸ‡®ðŸ‡©ðŸ‡®ðŸ‡©ðŸ‡®ðŸ‡©ðŸ‡®ðŸ‡©
3225,train,pos,"@piskaaws jangan takut vaksin, vaksin aman dan banyak manfaatnya salah satunya membentuk imun tubuh kita agar kebalâ€¦ https://t.co/XM5ortX8O1"
2402,train,pos,"@korantempo Semoga BERHASIL dan Sukses, vaksin nusantara BRAVO buat semua relawan semoga selalu sehat dan aman, loyâ€¦ https://t.co/jKXBp28UmC"
2504,train,neg,"@Lisaamartatara4 @jokowi Ya drun tidak aman, tidak aman dari vaksin palsu ðŸ˜‚ðŸ˜‚ðŸ˜‚ðŸ˜‚"
52,train,net,[RAMADHAN SHARING ?]Adakah Vaksinasi Membatalkan Puasa??? ????????????Menurut sumber yang sah suntikan vaksin Covid-1â€¦ https://t.co/jUmxalpLUd
3530,train,net,@rudeski83 @NRumbrewar @n_akb31 @HitsIndonesia_ perlu di cari dulu kematian akibat vaksin yang di maksud seperti apâ€¦ https://t.co/vGaJPZV43U
3708,train,net,@septiadhiw @aik_arif Bisa aja kalau mutasi virusnya nyari celah buat ngehindar pertahanan tubuh yg udah dibentuk sâ€¦ https://t.co/mi1ekQR3gf
3469,train,pos,@rizkyamm @detikcom Ya bisa lah. Vaksin bukan â€œobatâ€_x009d_ yg bisa ngehindarin dari positif corona. Tapi cuma buat imun bâ€¦ https://t.co/wwOhZziyjr
419,train,net,@AnandoLikum @detikcom Benar Bang. Cuma pilihannya adalah mau pakai yg terbaik tapi belum pasti didapat atau pakaiâ€¦ https://t.co/IRqkab6Gdq
6629,train,net,DPR Bahas Wacana Pembentukan Pansus Vaksin Impor https://t.co/E3iW4Qr6oW
5617,train,net,Baginya meneliti vaksin adalah pekerjaan kreatif dan menantang karena bisa mengubah kehidupan.â€œSemoga Merah Putihâ€¦ https://t.co/pfPZtQg0Jt
4666,train,pos,#PulihkanRIDenganVaksin ðŸ‡®ðŸ‡©Pulih ekonomi dengan vaksinðŸ‡®ðŸ‡©Pulih kehidupan dengan vaksin https://t.co/7M3yFTpZ99
6453,train,net,"Dengan kedatangan vaksin tahap ke-8 ini, Indonesia telah menerima 59,5 juta bahan baku vaksin dari Sinovac yang akaâ€¦ https://t.co/gPsxQXGOgs"
5332,train,pos,ALHAMDULILLAH!!!Enam Juta Dosis Bahan Baku Vaksin dari Sinovac Tiba di Indonesia https://t.co/yJKRhkpVl5
301,train,pos,"@Ahmad33960691 @jokowi Pak,vaksin tdk menjamin 100% org kebal sm covid.Hanya tdk memperparah sakitnya,apalg vaksinâ€¦ https://t.co/Ym5Se3Nx1c"
6861,train,net,Enam juta dosis bahan baku vaksin Covid-19 dari Sinovac tiba di Indonesia. Menurut keterangan Menkes Budi Gunadi Saâ€¦ https://t.co/QADGaW6bhW
5289,train,pos,"Alhamdulillah alhamdulillah kemarin ibu sama bapak nggak kenapa-kenapa. Terutama ibu yang gejalanya paling berat, tâ€¦ https://t.co/4xDH9a3S85"
5889,train,net,"Besok tugas vaksin, peserta 70-an orang. Moga kuat lah haha meski cuma duduk input data doang, tapi nyata capeknya ðŸ˜_x0090_"
2534,train,net,"@LuckyR12 Kalau di bandung kemarin sama org kelurahan sih katanya mulai Juni, makanya aku mulai ngedata siapa2 aja yang mau ikut di vaksin"
4470,train,neg,"@zarazettirazr @OposisiCerdas @murry_sutan Sama juga dg vaksin yg Laen ,gak jamin jadi supermen"
4742,train,net,13.Pemerintah memilih vaksin Sinovac krn masih memenuhi batas minimal efikasi sesuai ketentuan WHO. Vaksin ini jugâ€¦ https://t.co/BaQe3lQ00Q
2142,train,net,@justhreads_ @kostumkomik Belum tau kak. Aku sendiri juga blm vaksin
4581,train,neg,#bolatime #putrajaya Takut juga nak kena cucuk. Itu komen rata-rata pemain dan barisan kejurulatihan Harimau Malayaâ€¦ https://t.co/EVZQvOIXUA
307,train,pos,@AhmadGaus Kan vaksin memang tidak jadi kebal covid. Tapi mengurangi efek dari virus. Jadi kayak kena flu biasa aja ceunah.
1479,train,net,"@FiersaBesari @Teh__L @alderina Nih saksinya, di vaksin dua kali, ketemu bareng terus, dan masih mau tertib antri,â€¦ https://t.co/3DtCb7q1of"
3681,train,net,"@schfess KONTRABanyak hal yang perlu di siapin, belum semua siswa dapat vaksin juga. Dan apakah sudah ada jaminanâ€¦ https://t.co/cD2ANdppi8"
1119,train,net,"@detikcom Vaksin terbaik adalah ibadah, hindari stres, makan teratur, istirahat teratur, olahraga teratur"
5316,train,pos,Alhamdulillah vaksin ke-2 sudah selesai. ðŸ’‰ðŸ©º Bismillah semoga selalu sehat dan wabah ini segera usai. Aamiin. #VaksinCovid19 #COVID19Vaccine
4851,train,net,"5. tapi virus corona terus berkembang biak dan bermutasi varian baru. Jadi, Indonesia nih lagi kejar2an, antara pâ€¦ https://t.co/juOa4UZuV7"
5857,train,net,Berpantang Maut Sebelum Ajal T.S. Tapi kalau Doktor Dah Sahkan Kita Tidak Boleh Gunakan Vaksin Maka Kita Kena Jagaâ€¦ https://t.co/othsXjj9cz
7705,train,pos,"Jangan cemas melakukan vaksinasi di bulan Ramadhan, karena tidak akan membatalkan puasa. Ayo dukung vaksinasi ??â€¦ https://t.co/Jo6DsXUCJr"
438,train,neg,@AngelMaximilan @03__nakula Itu Vaksin Nusantara bahan baku nya buatan Amerika.apa bedanya dgn yg ada sekarang siNoâ€¦ https://t.co/BMMG4l8sJc
5310,train,pos,Alhamdulillah selesai 2nd dose vaksin. Semoga dipermudahkan segala urusan olehNya ðŸ¤²ðŸ_x008f_¼â˜ºï¸_x008f_ðŸŽ‰ #sayanakbalikraya @ Sunwayâ€¦ https://t.co/gPIdv6FI5L
1916,train,neg,@IrutPagut Mungkinkah itu jadi chip set... Biar manusia itu terdeteksi dan  bisa berkelakuan sesuai yg menginginkanâ€¦ https://t.co/HKQK9rKWXf
5937,train,pos,Bicara vaksin Nusantara Bicara kualitas ..Jangan bicara kepentingan ...#PulihkanRIDenganVaksin https://t.co/ZOiGx0HrPa
5630,train,pos,Bahan Baku Vaksin Sudah Tiba Di Tanah Air. Kerjakeras Maju Negeriku https://t.co/nzoJa1GvEP
5678,train,pos,"Banyak yang belum paham bahwa vaksin tidak mencegah terjadinya penularan Covid-19, tapi vaksin menurunkan risiko seâ€¦ https://t.co/JCteJHXON8"
3060,train,net,@okezonenews Kedepan vaksin merah putih dan vaksin lainnya yg diproduksi di Indonesia akan menjadi vaksin termanjurâ€¦ https://t.co/9tCoCx7wzU
6694,train,pos,Dukung Vaksin merah putih#VaksinUntukKita https://t.co/camXLTzSAR
5313,train,pos,Alhamdulillah sudah vaksin ..Terima Kasih @utycampus #vaksÃ¬ncovid19 #covid_19 #health #healthy #healthylifestyleâ€¦ https://t.co/mUe66BTZu3
5930,train,pos,"Biar pandemi ini cepat berakhir, Kita bener-bener harus jalankan prokes ya, yg udah di vaksin aja masih ada resikoâ€¦ https://t.co/FYzc1cMt2h"
1227,train,neg,@dr_tompi Vaksin Nusantara komposisinya cuma politik
3966,train,net,@Syarman59 @SridianaEva @CNNIndonesia Dikembangkan di amerika diuji coba di Indonesia https://t.co/RLxvP6oZOh
6678,train,net,"Dukung BPOM, Kapuspen: Vaksin Nusantara bukan program TNIhttps://t.co/mObxaifocb https://t.co/l3QsIBUlON"
4929,train,net,7.Tingkat efikasi minimal utk vaksin Covid-19 yg ditetapkan WHO adalah 50%. Vaksin Sinovac yg digunakan di Indonesâ€¦ https://t.co/kwseKWynBP
2125,train,neg,@jokowi Yg sdh d vaksin apa benar akan tertilndung dr covid?Covidnya msh bermutasi loh
4326,train,neg,@VIVAcoid #bubarkanBPOM Karena mementingkan vaksin luar negri
6785,train,pos,"Efikasi vaksin buatan China seperti Sinovac, disebut masih di atas ambang batas yang ditetapkan organisasi kesehataâ€¦ https://t.co/VMnu5Le9Lh"
1251,train,neg,@drpriono1 @jokowi @DPR_RI @KemenristekBRIN @KemenkesRI pembohongan publik ? kalo vaksin sinovac dan zeneca tidak bâ€¦ https://t.co/hTOGGV8KGs
7172,train,neg,habis vaksin kedua kalo aku mati tolong bayarkan hutang2ku
4274,train,pos,"@Vaksin_Kita harus banget ni, jangan ragu lagi yaa buat ikutan vaksin saat bulan puasa Â­Â­Â­#VaksinUntukKita #UpayaLawanPandemi"
359,train,pos,@aldidesri @YRadianto Vaksin itu cara preventif utk hadapi convid.Tetapi bukan obat utk penyakit akibat virus.Dayâ€¦ https://t.co/JDxp9NvXvl
6309,train,net,Dahlan Iskan dan Relawan Vaksin Nusantara Senam DI Style SebelumÂ Divaksin https://t.co/CYG0fVQonl
702,train,neg,@bertanyarl vaksin suntik pingsan mimisan
6893,train,net,Enam Juta Dosis Vaksin Sinovac Asal Beijing Tiba di Indonesia https://t.co/G2nVvN5Lqx
5276,train,net,Alasan Vaksin Sinovac Gagal Dapat Izin WHO di April 2021https://t.co/YAMh5CzHwC
3218,train,net,"@pietlisda Lah pit, kan vaksin lansia se-depok dicentralized di RSUI dari tgl 20 an maret. Bisa daftar diâ€¦ https://t.co/KcBHjcStT4"
4853,train,net,5.910.921 warga Indonesia telah menerima dosis vaksinÂ lengkap https://t.co/pp5uluvYyZ
4606,train,net,"#Healthies, sebelum menjalani vaksinasi COVID-19, lansia harus melakukan skrining secara detail dan menjawab pertanâ€¦ https://t.co/lYPE3nahQX"
1490,train,neg,@FiersaBesari Di vaksin itu batal kalo jrum suntiknya ptah terus nyangkut di dlm
6565,train,net,"Disinformasi, Vaksin Sinovac Ilegal karena tak Bersertifikasi WHO - Top Satu https://t.co/OrVfJvZ2ZI"
5346,train,neg,"ambik vaksin, mati cepatLol, ko ingt aku nak hidup lama ka"
5144,train,net,"Akhir Maret jadwal vaksin pertama dan sukses divaksin.Jadwal vaksin kedua 10 April, pas datang...e vaksin nya habâ€¦ https://t.co/83mTyYS9fs"
4839,train,net,"434,301 Individu Sudah Lengkap Dua Dos Suntikan Vaksin COVID-19 https://t.co/oXKhkVJhJH"
642,train,neg,"@bdngfess Gamau di vaksin ,titik. https://t.co/FSQlKYRwmk"
3818,train,neg,"@SopoJarwo1970 @Wedhus999 wajar lah test swab positif, kan isinya vaksin itu virus kopatkopet ðŸ_x0090_¸ðŸ˜_x008f_"
1281,train,pos,@EdiBarus @kostumkomik lah vaksin kan emg untuk meningkatkan imunitas tubuh.....
5543,train,pos,Ayah saya kena vaksin harini. Doakan dia
7182,train,neg,"Habis vaksin, tangan kiri yang disuntik. Nakesnya ga nanya aku kidal atau nggak, malah pegel bgt lagi. Nulis aja masih lemes nih tangan????"
7862,train,net,"Kalau benar ini rekomendasinya, masih masuk akal bagi sy. Krn minimal sdh akan mempertimbangkan sebaran vaksin apaâ€¦ https://t.co/oeDUVAOthD"
4844,train,net,"47 Dosis Vaksin Sinovac dari Cina Tiba di Bandara Soekarno-Hatta Minggu Siang, Pengiriman ke-8 https://t.co/VcYeoNUs2I via @tribunbanten"
1927,train,neg,"@ismailfahmi Itu yg meninggal, blm pada di-vaksin ya? Atau itu efek vaksin? ðŸ¤”"
4332,train,net,@VIVAcoid Pertemuan ilmiah dihadiri para pakar yg ahli dlm rangka uji klinis dan diseminarkan diPerguruan Tinggi adâ€¦ https://t.co/QI2NZgxBVF
2323,train,neg,"@kochengfess Bgst bgt yg racunin ibunya huhuKalo emg ga mampu vaksin ya gpp nder, yg penting dikasi makan dryfoodâ€¦ https://t.co/LYJ3QuKmTw"
631,train,net,"@bayualdialdi @sociotalker Saat ini, kalau memang dg beli itu lebih mudah dan lebih cepat proses vaksinasi nya, yaâ€¦ https://t.co/RkN60iIQWa"
5751,train,net,"BEIJING-Belakangan ramai diperbincangkan bahwa vaksin Sinovac asal Tiongkok, CoronaVac, tak manjur menyusul penelitâ€¦ https://t.co/QInQZVu8Pe"
6112,train,neg,bukan sekedar fiksi4:21-4:30Siti fadilah : ..saya juga kehilangan temen saya dokter2 ada 2 yg setelah di vaksin kâ€¦ https://t.co/HsplnvkOPq
4442,train,neg,"@yudichu Msh aman sinovac kmn2 ??, tp malah takut pake vaksin buatan cina??"
7768,train,net,"Jika seorang Ahmadi mendapat vaksin corona di bulan Ramadan, maka rukhsoh (keringanan) yang diberikan Islam, serayaâ€¦ https://t.co/YH3oYMW54N"
6050,train,net,BPOM sudah mempertanyakan uji klinisnya yg belum sesuai dengan kaidah penelitian. Ee.... Orang awam penelitian kesâ€¦ https://t.co/BV77CiSD0J
6912,train,net,Epidemiolog Bandingkan Sikap Tim Vaksin Nusantara dan Unair soal PutusanÂ BPOM https://t.co/TBexYWot7G
1857,train,net,"@IndraJPiliang Vaksin Merah Putih yang berbasis mRNA, dikembangkan oleh peneliti dalam negeri. Vaksin buatan Pfizerâ€¦ https://t.co/nY5XZUXu0M"
6614,train,net,"Dolar AS: Terlihat Lebih Kuat Di Tengah Data Ekonomi Yang Optimis, Peluncuran Vaksin â€“ JP Morganâ€¦ https://t.co/a9giVm3Qpj"
2458,train,net,"@KusnaediAkhmad @dr_koko28 Beliau  Siti Fadilah, mantan Menteri Kesehatan, yg berhasil menangani pandemi Flu Burungâ€¦ https://t.co/s1y9rXWnUy"
4180,train,neg,"@tunggalp vaksin buat anak NGO,? hahah kayanya ngk bakal dapat"
5274,train,neg,"alasan subsidi kampus dipotong untuk bansos covid dan pembelian vaksin covid, lha ngentot bansos covid aja dikorupsâ€¦ https://t.co/ldqRw0Oz80"
2647,train,neg,"@maspiyuaja Menkes yg skrg otak nya kapitalis, ga peduli ama kualitas vaksin yg penting bisnis..."
7703,train,neg,"Jangan bilang doa gw terkabul minta kena covid biar ga disuntik vaksin wkwkw, takut banget gw di suntik anjir"
6561,train,neg,"Disaat mau di vaksin yg ke 2,muncul berita Corona varian baru,akankah kita memebeli vaksin lagi atau buat lagi?#satgascovid"
1441,train,pos,"@ferdiriva Alhamdulillah ortu sdh vaksin pakai sinovac,kalo saya paki astra zeneca..tp blm waktunya suntik kedua,sehat2 terus semuanya ðŸ’ž"
3552,train,neg,"@RyaWiedy Jangan2 salah kasih Vaksin, Vaksin Anti ngantuk ðŸ˜‚"
1525,train,pos,@fitrian Alhamdulillah ya aman untuk vaksin kak meski bulan puasa. Lega rasanya.
5736,train,neg,"Beberapa hari terakhir bawaannya ngantuk terus, ntah efek vaksin sinovac atau karena puasa. Tapi lumayan bantu tiduâ€¦ https://t.co/94cuR8V124"
6178,train,pos,Cepet kelar deh pandemi dengan vaksin.. #PulihkanRIDenganVaksin https://t.co/P7QA9JkCpJ
3917,train,neg,"@susetyopr @YouTube Apaaan sebagai Menkes gagal total membendung Pandemi ke Indonesia, malah buat vaksin apaan. Dipikir kita goblok...ðŸ¤£ðŸ¤£ðŸ˜_x0081_"
2565,train,pos,"@mahardikayusuff Ngga papa kok, aku jg udh d vaksin kmarin."
6711,train,neg,"Dunia semakin kacau yah, covid blom kelar, tiba tiba bencana alam makin banyak, muncul vaksin yang udah ditolak tapâ€¦ https://t.co/fTjkeF00bL"
110,train,neg,@02fc71ba00c2451 @TofaTofa_id Tak selamanya vaksin itu di bilang vaksin kadang ada vaksin yg jadi fucksin. Mungkinâ€¦ https://t.co/kWHCDMiuL8
5267,train,neg,"akun yg nulis nama fafifuwasweswos adalah akun paling bacotin, paling suka merendahkan kemampuan orang lain di twitâ€¦ https://t.co/P3e7at2FaW"
4483,train,pos,@ZhrTopcu @SahabatSaber Vaksin sinovac ngga ada masalah. Jgn bkin hoax
464,train,pos,"@anwaribrahim Vaksin perlu, jangkitan semula isu lain.."
2828,train,pos,"@Mun4fikunn Vaksin cuma berusaha, Tuhan yg menentukan....Eaa..."
4283,train,pos,"@Vaksin_Kita Ternyata kedatangan vaksin ke indonesia itu banyak banyak manfaatnya loh guys, makanya jangan nolak kaâ€¦ https://t.co/OT7UHPKAZo"
2086,train,pos,@jokowi Pak. Saya berharap karya anak bangsa di perjuangkan. Untuk vaksin yg dikembangkan dokter terawan. Klo bolehâ€¦ https://t.co/fB3y7gWbZn
7027,train,neg,"Gak tau seneng apa sedih, udah vaksin tp tetep harus karantina. Dari 14 hari di cut jadi 7 hari, sama aja boong terâ€¦ https://t.co/LRxNkCtHEm"
5453,train,neg,Apakah para nakes ga sadar juga melihat diskriminasi kpd sesama manusia gegara vaksin.....??Apa mereka akan membeâ€¦ https://t.co/dHDaVUAI8H
4306,train,pos,@Vaksin_Update terapkan 3M nya dengan baik yah. #VaksinUntukKita #UpayaLawanPandemi
2040,train,neg,@jokowi comments dong pak presiden vaksin sinovac blm disertifikasi WHO jadi ga diakui di saudi
5993,train,neg,Bismillah semoga ga kena vaksin sinovac ðŸ¤­ dan vaksin lainnya wkwk
2024,train,pos,"@jokowi Alhamdulillah saya sudah di vaksin, salam sehat"
1584,train,neg,@ganjarpranowo Percuma di vaksin Pk .... taraweh ... sholat Ied boleh..naek kendaraan pribadi cm pulang Ndak boleh..ajooor
2644,train,neg,@maspiyuaja Dan tdk ada yg bilang kalo vaksin menghentikan pandemi
7028,train,neg,"Gak usah ngomong efikasi, efek samping dulu. Vaksin ini sangat gak efisien. Pasiennya harus diambil darah dulu, dipâ€¦ https://t.co/F2wmddAceS"
4775,train,neg,2 kali ambil suntikan vaksin covid pun masih ada yang positif? Ermm pelik
4269,train,pos,"@Vaksin_Kita #VaksinUntukKita#UpayaLawanPandemiwalaupun sekarang proses vaksinasi nasional terus berjalanan, kitaâ€¦ https://t.co/NBG355ZaJz"
5014,train,neg,Abis vaksin tu gampang banget radang sm flu dah. ðŸ˜Ÿ
1572,train,neg,@GAB_Wisnu @Lisaamartatara4 @jokowi Ini yang jualan vaksin palsu ya....
4009,train,neg,"@TeddyGusnaidi Mngkin vaksin nya kualitas sampah, cuma krn ajang bisnis saja, ya kan ted?"
630,train,neg,"@bayualdialdi @sociotalker inti nya vaksin ini problematik, yg bkin pure perusahaan USA, cm di ganti nama aja.beluâ€¦ https://t.co/O4Bi8diMa0"
4681,train,neg,#RISasaranKoloniTiongkok#RISasaranKoloniTiongkokAh! Sudahlah.Siti Fadilah: Tidak Ada Sejarahnya Pandemi Dihentâ€¦ https://t.co/O4HZNYrNq9
5300,train,pos,Alhamdulillah hari ini dapat giliran vaksin pertama. Semoga profesi lain termasuk ibu rumah tangga di seluruh pelosâ€¦ https://t.co/IRp3Fq3vlg
1342,train,pos,@EndriHema @agusdwipras3tyo Iya betul dr minggu kemarin si agus antusias bgt mau di vaksin..
3067,train,neg,"@onepiltacimin Iyaaa haha, sementara ini judi togel berenti dulu, diganti vaksin wkwk"
1910,train,pos,"@Iqrajs Vaksin itu ibarat payung di kala hujan qra. Tinggal lu pilih, mau basah kuyup atau cuma kecipratan air hujaâ€¦ https://t.co/otWM9TSHBg"
5170,train,pos,Akhrnya vaksin juga. Mengapresiasi seluruh jajaran pemerintah yg mengadakan acara vaksin utk seniman dan budayawan.â€¦ https://t.co/USJHGgvbbc
3442,train,neg,@riensayangku @Dahnilanzar Kalo pernah ketipu Vaksin Palsu berarti dia dongok
3816,train,neg,"@soo_sookyung Iya kan makanya takut jg ini vaksin apa darimana, masalahnya pihak yang nyuruh vaksin ini ga bertanggung jawab kalo ada apa2"
4115,train,neg,"@TofaTofa_id bukannya semboyannya ""tak kenal maka tak kebal ?"" trus apa gunanya vaksin kl ada kasus kek gini ?"
3963,train,pos,@Syarman59 @PBIDI Saya mau vaksin Nusantara aja
4075,train,neg,"@tirta_hudhi Bacot, giliran efek pasca vaksinasi kartel farmasi asing, klaim KIPI selalu menjauhi penyebab akibat vâ€¦ https://t.co/Kd3lMhizx7"
3001,train,neg,@NOTASLIMBOY Semua vaksin targetnya dibeli negara ..Makanye Sales nya beraneka ragam ..https://t.co/N1SjCyc380
2776,train,pos,"@mommytsalisa Thank u kak, semoga nih kita semua bisa start vaksin yah, biar bisa normal lg ðŸ¤—ðŸ¤—"
2640,train,neg,"@maspiyuaja @msaid_didu Apa yg gak bu, ibu aja dihentikan dan dipenjara karna vaksin."
6305,train,neg,Dah2lah tuh nak menipu and janganlah paksa orang daripada berhabis duit berbilion beli vaksin yang xkan menjamin apâ€¦ https://t.co/GbCoLkyVkM
2886,train,neg,@Nanasena17 @kostumkomik betul nonton sadja karena sudah 2x dapet dosis sinovac. dan kalo ditawarin suru vaksin lagi si ogah!
5784,train,neg,Bener bener gak mau vaksin deh tapi apadaya wajibðŸ™_x0081_
4328,train,neg,@VIVAcoid Jadi tujuan vaksin apa njing?
7059,train,neg,Giling ngantri vaksin berasa ngantri konser ya bun :)
7030,train,neg,"Gamblang, silakan anggota DPR jd sukarelawan uji klinis fase II Vaksin pura-pura Nusantara; hak stp org. Tdk akan mâ€¦ https://t.co/MJKVTH4xBU"
7167,train,neg,Habis vaksin badan gw menggilgil
7294,train,neg,"Hasilnyadata imungoenitas tdk valid, tdk jelas dan tdk konsisten. Wah..  https://t.co/Sm4GOBoBHA"
4307,train,pos,@Vaksin_Update Terimakasih banyak kepada semua
504,train,pos,@ariefnoviandi_ Setuju gays..Mari kita dukung bpomStop politisasi vaksin nusantara#DukungBPOM
2263,train,neg,@khumairaraa @annisamayangss Vaksin juga buat apa dikira bisa gak pake masker gitu ajaðŸ¥²ðŸ¥²ðŸ¥²
1852,train,pos,@indiratendi Haduu. Semoga segera dpt giliran vaksin yaa ðŸ˜”ðŸ™_x008f_
2777,train,pos,@monbebebellss Iy emg ktny klaim vaksin sinovac ni bkn utk mencegah penularan tp cm memperingan gejala jd walo vaksâ€¦ https://t.co/Y347xnzeTo
5794,train,neg,"bentar lagi period mah susah si ya, gua pengen nangis bngt asli. dr sore tu gua nanya mau makan apa kek nyet gua puâ€¦ https://t.co/Ng4JNYfjBZ"
6986,train,neg,"fungsi VAKSIN &amp; OBAT itu beda, kalo situ masih orang gunain fungsi otak untuk bekerja cari informasi jangan cuma OMES, f***ðŸ–•"
85,train,neg,"@_GUNS__ Lu percaya ginian? Wkkwwkwk kalo emg mau gitu konsep nya bukan super league yang isi2 nya elit doang, semuâ€¦ https://t.co/VWNrq3kxgK"
2906,train,pos,"@narkosun Yes, semoga dengan tambahan amunisi vaksin ini target pemerintah tercapai"
1726,train,neg,@henrypngaribuan Di kantor w ga ada wfh untuk mendukung penjualan di bulan puasa. Tapi kaga ada vaksin juga. Mancing mania?
5565,train,pos,"Ayo Vaksin, Bersama lawan Covid-19.@polsek_mloe@ResMarosPresisi @divisihumaspolri #polripresisi https://t.co/BJgqZJGULR"
475,train,neg,@arddwn LOH KAN UDAH VAKSIN ANTI MLEYOT 5 KALI
7132,train,neg,Guys doain ya hari Kamis bunda aku mau di vaksin covid semoga lancar dan ga berubah jadi Titan;(
2542,train,pos,"@lykwnlin Lawan rasa takutnya, malah banyak orang yang takut tidak kebagian vaksin jadi kita yang kebagian ayo segeâ€¦ https://t.co/SlWZJRhhSr"
7230,train,pos,"Harapannya, kita ingin agar bisa segera dapat tambahan sekitar 20 an juta dosis lagi hasil produksi dari Bio Farma,â€¦ https://t.co/2wIJAR3O1i"
2014,train,pos,@jokowi @erickthohir @KemenBUMN .. kok diam saja .. ada vaksin nusantra .. dibantu dong .. di fasilitasi .. kpn majâ€¦ https://t.co/be0mN6tRRa
3299,train,neg,@PutraWadapi Kenyang dah... penjual vaksin ðŸ˜€ðŸ˜€ðŸ˜€ðŸ˜€ðŸ˜€ðŸ˜€ðŸ˜€ðŸ˜€
2522,train,neg,@Lotipot @NikitaNikAziz Habis tu apa fungsi vaksin? Cucuk2 dan positif balik lps tu cucuk balik ulang sampai abang jamil mampussss?
2914,train,pos,@NayDonuts @KemenkesRI Apresiasi yg setinggi2nya buat pemerintah yg sdh berusaha memenuhi kebutuhan vaksin ditengahâ€¦ https://t.co/lOFgidSPlk
6669,train,pos,"Duh, entah ya. Rasanya seneng banget denger Indonesia baru saja menerima 6 Juta dosis bahan baku vaksin C-19 dari Sâ€¦ https://t.co/JMGd3Igaw8"
5662,train,pos,"bantuin daftar serta dampingi mereka juga yaa sampai bisa dapat vaksin guys, yukk semangatt!!#UpayaLawanPandemiâ€¦ https://t.co/731WBU1z94"
2677,train,pos,@mcfinkel Vaksin aman dan nyaman  #VaksinUntukKita#UpayaLawanPandemi
3528,train,pos,@rudeski83 @maspiyuaja @B0_Ooo Yok jangan tolak yok. Vaksin salah satu upaya melindungi diri dari penyakit. Vaksinâ€¦ https://t.co/NtxKZf28Fx
3527,train,pos,@rudeski83 @keursahdi @KompasTV Sampun mas. maka dari itu program penyuntikan vaksin di indo ada yg namanya meja 2â€¦ https://t.co/MHPiur7SjN
5315,train,pos,Alhamdulillah vaksin ke 2 sudah beres... Cuusss.. .
2062,train,pos,@jokowi Kulo sampun vaksin 2x bapak presiden. Alhamdulillah
5328,train,pos,"alhamdulillah, vaksin 2 kelar. https://t.co/QtrEgvxTo1"
5656,train,pos,"Bangga, anak bangsa bisa produksi vaksin covid sendiri. Saat ini vaksin masih tahap penelitian dan pengembangan. Kiâ€¦ https://t.co/3TdmeDWT7R"
3959,train,pos,"@Syarman59 @PBIDI @BPOM_RI @KemenkesRI @satgascovid19id GW DUKUNG VAKSIN NUSANTARA !!!,DAN SIAP DI VAKSIN KALO DI KASIH KESEMPATAN.."
1972,train,pos,"@jejessicaandrea Kalo dipanggil buat vaksin ya dateng, doonngg, heuheu"
1065,train,pos,@detikcom Kalu saya sih di vaksin Alhamdulillah tdk di vaksin juga tidak mengurangi rasa syukurku.
4312,train,pos,@Vaksin_Update yuk kita dampingi bersama2 orang tua kita #UpayaLawanPandemi #VaksinUntukKita
2998,train,pos,"@normsaid @KKMPutrajaya Tuan, vaksin bukan merawat. Adakah ia penawar? Secara teknikal, ya, kerana ia membantu badaâ€¦ https://t.co/a8iZ4A727V"
2345,train,pos,@kochengfess vaksin aja nderrr. aku abis vaksin jd cepet tumbuhnya. sama emg makan dryfood mulu si kucingkuðŸ˜€
1586,train,pos,@gantinamabentar Vaksin ya kk biar sembuh hehe
2594,train,pos,"@Mamisisca22 Jangan lupa vaksin dulu tante, biar tetep sehat yaaa #VaksinasiNasional https://t.co/zwHTlwPnNG"
1222,train,pos,@dr_tompi Harusnya BPOM dan Badan2 yg lain nya dan para peneliti dan Profesor2 saling mendukung. Apa yg menjadi kekâ€¦ https://t.co/ca1OCt6OZW
5134,train,pos,Ajak gais keluargamu yg lansia buat vaksin.#VaksinUntukKita #UpayaLawanPandemi https://t.co/yqRvzdK3Zh
5571,train,pos,Ayu Utami bilang makasih ke Jokowi karena dikasih jatah vaksin. *terharu*
3617,train,pos,"@SantorinisSun @__GoldenAngel_ Liat aja nanti kalo vaksin ini sukses, org2 yg skrg menghujat menolak vaksin ini bakâ€¦ https://t.co/M3yMFJu4RP"
3047,train,pos,"@Nusantaraku01 @KemenkesRI Tetap jaga protokol kesehatan, biar pemerintah yg berusaha mencari dan mengamankan vaksin"
5671,train,pos,"Banyak orang gak mau vaksin, ini yang bener2 mau, gak bisa diduluin aja nih? ðŸ™ƒ"
3548,train,pos,@ruthrioo udah aman dong. udah vaksin dosis pertama juga ðŸ˜‚
3935,train,pos,@Syafakillah5758 Mantaap..Saya tinggal menunggu vaksin tahap 2ðŸ’ª https://t.co/L2Zj4mySuu
4669,train,pos,#PulihkanRIDenganVaksin lansia akan jadi prioritas penerima vaksin saat ramadan https://t.co/UTitM5UoHb
2058,train,pos,@jokowi Keren Pak Presiden @jokowi . Semoga vaksinasi Covid19 bisa dipercepat diperluas. Dan semua sumber vaksin seâ€¦ https://t.co/AzMH9WkQN8
5331,train,pos,"Alhamdulillah, walau Embargo vaksin India cukup mengganggu pasokan vaksin Indonesia, namun tidak sampai menghentikaâ€¦ https://t.co/903jKlvxDk"
5717,train,pos,Barvo gerakan Indonesia sehat dengan vaksin#VaksinUntukKita#UpayaLawanPandemi https://t.co/ptXUUR9rBE
6954,train,pos,"Fatwa MUI vaksin di bulan puasa, tidak membatalkan puasa. Cocok!"
4315,train,pos,@VaksinBersama yuk sekarang giliran kamu yaa buat ikutan vaksin Â­Â­Â­#VaksinUntukKita #UpayaLawanPandemi
4295,train,pos,@Vaksin_Update @OktaraniS Pandemi ini pasti berakhir #UpayaLawanPandemi #VaksinUntukKita
